Name,GameID,ListOrder,RecordOrderPreference,Hidden
Flower: Bellbutton,4,51,completed-order-name,0
Flower: Dandelily,4,52,completed-order-name,0
Flower: Penstemum,4,53,completed-order-name,0
Flower: Tulias,4,54,completed-order-name,0
Flower: Hibiscus,4,55,completed-order-name,0
Flower: Ghostgleam,4,56,completed-order-name,0
Flower: Thistle,4,57,completed-order-name,0
Flower: Heavy Nettle,4,58,completed-order-name,0
Flower: Anemone,4,59,completed-order-name,0
Flower: Dreampuff (AA only),4,60,completed-order-name,1
Flower: Frostfeather (AA only),4,61,completed-order-name,1
Flower: Blazebulb (AA only),4,62,completed-order-name,1
Flower: Marigold,4,63,completed-order-name,0
Flower: Eggwort,4,64,completed-order-name,0
Flower: Petunia,4,65,completed-order-name,0
Flower: Bowblossom,4,66,completed-order-name,0
Flower: Poinsettia,4,67,completed-order-name,0
Flower: Glowbal,4,68,completed-order-name,0
Flower: Rose,4,69,completed-order-name,0
Flower: Happadil,4,70,completed-order-name,0
